Ads,duration
SH_02.mp3,5.11
SH_16.mp3,6.15
SH_17.mp3,6.06
SH_03.mp3,5.11
SH_15.mp3,6.06
SH_01.mp3,5.11
SH_29.mp3,6.06
SH_28.mp3,6.06
SH_14.mp3,10.05
SH_38.mp3,6.06
SH_10.mp3,6.06
SH_04.mp3,10.54
SH_05.mp3,5.94
SH_11.mp3,8.94
SH_39.mp3,3.1
SH_07.mp3,10.03
SH_13.mp3,6.06
SH_12.mp3,5.15
SH_06.mp3,10.05
SH_49.mp3,3.1
SH_48.mp3,3.1
SH_58.mp3,6.06
SH_40.mp3,5.85
SH_54.mp3,6.13
SH_55.mp3,6.11
SH_41.mp3,6.06
SH_57.mp3,6.06
SH_43.mp3,6.05
SH_42.mp3,6.11
SH_56.mp3,3.1
SH_52.mp3,6.11
SH_46.mp3,6.06
SH_47.mp3,6.06
SH_53.mp3,6.06
SH_45.mp3,6.01
SH_51.mp3,3.1
SH_50.mp3,6.06
SH_44.mp3,3.1
SH_23.mp3,6.06
SH_37.mp3,6.05
SH_36.mp3,6.05
SH_22.mp3,6.05
SH_34.mp3,6.05
SH_20.mp3,5.53
SH_08.mp3,10.05
SH_09.mp3,5.06
SH_21.mp3,6.06
SH_35.mp3,6.06
SH_19.mp3,10.05
SH_31.mp3,6.06
SH_25.mp3,6.11
SH_24.mp3,6.15
SH_30.mp3,6.05
SH_18.mp3,6.88
SH_26.mp3,6.06
SH_32.mp3,5.94
SH_33.mp3,3.1
SH_27.mp3,6.06
